ad_group,h1,h2,h1b,h2b,h1c,h2c,h1d,h2d,b1b,b1c,b1d
we buy houses,Need to sell your home fast?,We buy houses for cash.,We buy houses.,get a cash offer today.,Sell your home in days,Get cash in a week.,Need a trusted homebuyer?,Get a fair cash offer.,"Regardless of the condition of your property or the situation you're dealing with, we fill find a solution that works for you. Fill out the following form to get started.",We make it easy to sell your home with a quick and convenient process. Selling your home doesn't need to be stressful! Fill out the following form so we can get in touch and get started.,We have been working with homeowners in your area for years and have built a trusted reputation. Finding a solution that works for you is our priority. Fill out the form to get started!
sell house,Need to sell your house?,Sell to us for quick cash.,Selling your home?,get a cash offer today.,Need to sell your home?,We make it easy.,Need to sell your home?,Get paid in a week.,"Regardless of the condition of your property or the situation you're dealing with, we fill find a solution that works for you. Fill out the following form to get started.",We make it easy to sell your home with a quick and convenient process. Selling your home doesn't need to be stressful! Fill out the following form so we can get in touch and get started.,We have been working with homeowners in your area for years and have built a trusted reputation. Finding a solution that works for you is our priority. Fill out the form to get started!
house selling,Need to sell your house fast?,We buy houses for cash.,need to sell your home?,get a cash offer today.,Sell your home in days,Get cash in a week.,Need to sell your home?,Get a fair cash offer.,"Regardless of the condition of your property or the situation you're dealing with, we fill find a solution that works for you. Fill out the following form to get started.",We make it easy to sell your home with a quick and convenient process. Selling your home doesn't need to be stressful! Fill out the following form so we can get in touch and get started.,We have been working with homeowners in your area for years and have built a trusted reputation. Finding a solution that works for you is our priority. Fill out the form to get started!
need or want to sell house,Need to sell your home fast?,Get a cash offer in 24 hours.,looking to sell your home?,We're buying a limited number.,Want to sell your home?,We make it easy.,Want to sell your home?,Get a fair cash offer.,"Regardless of the condition of your property or the situation you're dealing with, we fill find a solution that works for you. Fill out the following form to get started.",We make it easy to sell your home with a quick and convenient process. Selling your home doesn't need to be stressful! Fill out the following form so we can get in touch and get started.,We have been working with homeowners in your area for years and have built a trusted reputation. Finding a solution that works for you is our priority. Fill out the form to get started!
cash for house,Need to sell your home for cash?,Get cash in as little as a week.,need cash for your home?,get a cash offer today.,Need cash for your home?,Get cash in a week.,Need cash for your home?,Get paid in a week.,"The housing market is changing, potentially making it more challenging to sell your home. Regardless of the condition of your property or the situation you're dealing with, we fill find a solution that works for you. Fill out the following form to get started.",We make it easy to sell your home with a quick and convenient process. Selling your home doesn't need to be stressful! Fill out the following form so we can get in touch and get started.,We have been working with homeowners in your area for years and have built a trusted reputation. Finding a solution that works for you is our priority. Fill out the form so we can get in touch and start buying your home today.
buy my house,Need to sell your home?,We buy houses for cash.,Looking to sell your home?,we're buying a limited number.,Need to sell your home?,We'll buy it as is.,Selling your home?,Get the best deal with us.,"Regardless of the condition of your property or the situation you're dealing with, we fill find a solution that works for you. Fill out the following form to get started.",We make it easy to sell your home with a quick and convenient process. Selling your home doesn't need to be stressful! Fill out the following form so we can get in touch and get started.,We have been working with homeowners in your area for years and have built a trusted reputation. Finding a solution that works for you is our priority. Fill out the form to get started!
home buyer,Need to sell your home?,We buy homes for cash.,Sell your home now!,we're buying a limited number.,Sell your home quickly,We make it easy.,Need to sell your home?,Get a fair cash offer.,"Regardless of the condition of your property or the situation you're dealing with, we fill find a solution that works for you. Fill out the following form to get started.",We make it easy to sell your home with a quick and convenient process. Selling your home doesn't need to be stressful! Fill out the following form so we can get in touch and get started.,We have been working with homeowners in your area for years and have built a trusted reputation. Finding a solution that works for you is our priority. Fill out the form to get started!
companies that buy houses,Need to sell your home?,We're here to help!,we buy homes in your area.,get a cash offer today.,The easy way to sell your home,Get cash in a week.,Need to sell your home?,We make it easy.,"Regardless of the condition of your property or the situation you're dealing with, we fill find a solution that works for you. Fill out the following form to get started.",We make it easy to sell your home with a quick and convenient process. Selling your home doesn't need to be stressful! Fill out the following form so we can get in touch and get started.,We have been working with homeowners in your area for years and have built a trusted reputation. Finding a solution that works for you is our priority. Fill out the form to get started!
fast,Need to sell your home fast?,Get cash in a week.,sell your home fast!,get a cash offer today.,Sell your home fast,Get cash in a week.,Need to sell fast?,Get a fair cash offer.,"Regardless of the condition of your property or the situation you're dealing with, we fill find a solution that works for you. Fill out the following form to get started.",We make it easy to sell your home with a quick and convenient process. Selling your home doesn't need to be stressful! Fill out the following form so we can get in touch and get started.,We have been working with homeowners in your area for years and have built a trusted reputation. Finding a solution that works for you is our priority. Fill out the form to get started!
as is,Need to sell your home as is?,We buy homes in any condition.,home need repairs? no problem.,we will buy it!,Facing major home repairs?,No problem.,Home need major repairs?,We'll buy it for cash.,"Regardless of the condition of your property or the situation you're dealing with, we fill find a solution that works for you. Fill out the following form to get started.",We make it easy to sell your home with a quick and convenient process. Selling your home doesn't need to be stressful! Fill out the following form so we can get in touch and get started.,We have been working with homeowners in your area for years and have built a trusted reputation. Finding a solution that works for you is our priority. Fill out the form to get started!
we buy ugly houses,Overwhelmed by home repairs?,we'll buy your home as is.,trying to sell your ugly home?,We're buying a limited number.,Sell your home as is,No repairs needed.,Trust us to buy your home.,Get a fair cash offer.,"Regardless of the condition of your property or the situation you're dealing with, we fill find a solution that works for you. Fill out the following form to get started.",We make it easy to sell your home with a quick and convenient process. Selling your home doesn't need to be stressful! Fill out the following form so we can get in touch and get started.,We have been working with homeowners in your area for years and have built a trusted reputation. Finding a solution that works for you is our priority. Fill out the form to get started!
branded,Need to sell your home?,Don't get ripped off,sell your home today!,we're buying a limited number.,Sell your home fast,We make it easy.,We make happy customers.,Get a fair cash offer.,"Regardless of the condition of your property or the situation you're dealing with, we fill find a solution that works for you. Fill out the following form to get started.",We make it easy to sell your home with a quick and convenient process. Selling your home doesn't need to be stressful! Fill out the following form so we can get in touch and get started.,We have been working with homeowners in your area for years and have built a trusted reputation. Finding a solution that works for you is our priority. Fill out the form to get started!
competitor,Need to sell your home?,Don't get ripped off,Don't get taken advantage of.,get a cash offer today.,Selling your home should be easy,We make it easy.,Choose the trusted homebuyer,Get a fair cash offer.,"Regardless of the condition of your property or the situation you're dealing with, we fill find a solution that works for you. Fill out the following form to get started.",We make it easy to sell your home with a quick and convenient process. Selling your home doesn't need to be stressful! Fill out the following form so we can get in touch and get started.,We have been working with homeowners in your area for years and have built a trusted reputation. Finding a solution that works for you is our priority. Fill out the form to get started!
